id,area_ratio,r_min,r_max,r_mean,r_median,r_std,g_min,g_max,g_mean,g_median,g_std,b_min,b_max,b_mean,b_median,b_std,eccentricity,solidity,circularity,sym_h,sym_v,bug_type
1,0.0074280416666666,5.0,208.0,68.08574676513672,56.0,47.95539855957031,3.0,199.0,54.88274765014648,37.0,45.31119918823242,0.0,193.0,39.8919677734375,24.0,36.2507438659668,0.3920193886737698,0.6475896064834155,0.0408543488720447,0.6498362421989441,0.0318152904510498,0
2,0.008553,2.0,248.0,63.7864990234375,55.0,42.15350341796875,2.0,251.0,52.07965087890625,34.0,42.86612701416016,0.0,244.0,35.735145568847656,19.0,34.61711502075195,0.5959041967655172,0.5654003790048918,0.0392190832603262,0.5796029567718506,-0.0086270263418555,0
3,0.022093125,3.0,255.0,107.1763153076172,114.0,58.77135848999024,0.0,255.0,87.79472351074219,86.0,60.05760955810547,0.0,255.0,63.38302993774414,52.0,54.8235969543457,0.24029482483221,0.6264117552548012,0.04817744913155,0.1897031664848327,-0.0225921794772148,0
4,0.013187375,5.0,219.0,87.58824157714844,88.0,46.32258605957031,3.0,213.0,71.03185272216797,61.0,46.08576202392578,0.0,201.0,50.43253326416016,36.0,37.44561767578125,0.7354337127760935,0.6075544788611269,0.0389261026227876,-0.0078431917354464,0.0873481109738349,0
5,0.009164625,6.0,255.0,123.177001953125,134.0,62.3559455871582,0.0,250.0,100.89796447753906,91.0,63.02935409545898,0.0,245.0,80.94617462158203,63.0,60.624961853027344,0.6505991203519663,0.5664591762363794,0.047071323663544,0.3611584603786468,0.1725530177354812,0
6,0.0059168333333333,7.0,201.0,100.47562408447266,109.0,49.635040283203125,4.0,199.0,84.3832778930664,78.0,51.36793899536133,0.0,204.0,68.36624908447266,55.0,48.98237228393555,0.7644701399288016,0.636232890521741,0.065967389614333,-0.000639087636955,0.3835038840770721,0
7,0.00565875,11.0,238.0,91.57896423339844,87.0,41.37874984741211,9.0,234.0,72.75433349609375,70.0,36.76008224487305,4.0,223.0,50.997989654541016,42.0,34.731292724609375,0.9001156837510131,0.7100619559250255,0.0762898879672488,-0.0056903669610619,0.1029460951685905,0
8,0.0074540833333333,4.0,168.0,55.60429382324219,47.0,35.667320251464844,4.0,171.0,43.24016571044922,31.0,35.565189361572266,3.0,183.0,36.92992782592773,24.0,37.34231185913086,0.8756020030979672,0.5644823364592142,0.0660699354069267,-0.0075102248229086,0.4308282434940338,0
9,0.0071994166666666,6.0,255.0,87.62007141113281,93.0,52.7327995300293,3.0,255.0,71.39061737060547,64.0,51.89471435546875,0.0,254.0,68.25091552734375,57.0,54.631797790527344,0.5133158962568953,0.6831565338067317,0.0569901171586556,0.2452157884836197,0.3278650641441345,0
10,0.0157834583333333,4.0,255.0,82.97671508789062,80.0,52.42158889770508,0.0,255.0,63.632568359375,48.0,48.940956115722656,0.0,255.0,60.44037628173828,45.0,50.826637268066406,0.4728183257970298,0.6812648261151847,0.0706524493409963,0.3072348833084106,0.5457747578620911,0
11,0.0136309166666666,12.0,255.0,120.44338989257812,124.0,45.80368041992188,2.0,246.0,89.04903411865234,90.0,42.44465637207031,0.0,255.0,82.3017349243164,80.0,46.70092010498047,0.614713796123513,0.7530043802609743,0.1099624530344876,0.1936923712491989,0.2605336606502533,0
12,0.0180400833333333,10.0,235.0,109.42015838623048,108.0,44.650691986083984,0.0,195.0,75.59591674804688,72.0,37.59269714355469,0.0,255.0,82.702392578125,73.0,51.196266174316406,0.3612630989996229,0.7073340478088691,0.0742537617461948,0.4394214153289795,0.5148921012878418,0
13,0.01632,5.0,255.0,104.9175033569336,100.0,47.9506950378418,3.0,255.0,78.35396575927734,71.0,42.87685394287109,0.0,255.0,52.59309005737305,43.0,39.5715217590332,0.8959291039471314,0.6383956657941318,0.055966438346625,0.191947728395462,0.6993637681007385,0
14,0.0109960416666666,10.0,255.0,137.15992736816406,136.0,52.058048248291016,0.0,245.0,107.28280639648438,103.0,48.88082885742188,0.0,255.0,99.55602264404295,91.0,51.47652053833008,0.5680149318430482,0.7273235880984665,0.0838463822085533,0.415541797876358,0.6072898507118225,0
15,0.0159606666666666,9.0,255.0,123.58953094482422,125.0,51.20761489868164,0.0,254.0,94.87884521484376,98.0,45.321170806884766,0.0,255.0,80.78056335449219,82.0,41.51759719848633,0.599437308146103,0.5084148270845942,0.0310088228309745,0.0405043065547943,0.4038677513599396,0
16,0.0168067083333333,13.0,255.0,107.126708984375,100.0,46.72087860107422,0.0,255.0,87.01905059814453,84.0,40.77949905395508,0.0,255.0,66.91030883789062,62.0,34.57744598388672,0.8395577911051051,0.5328724522957742,0.0502752098543025,0.49577596783638,0.4899922013282776,0
17,0.0147916666666666,3.0,255.0,122.8128433227539,117.0,48.48136901855469,0.0,255.0,106.66627502441406,110.0,47.31637954711914,0.0,255.0,74.72309875488281,66.0,44.37496948242188,0.4401992345102259,0.5620859564011299,0.0618642098268912,0.5112379193305969,0.6179889440536499,0
18,0.013739375,17.0,255.0,137.03836059570312,133.0,49.88789749145508,0.0,255.0,112.89967346191406,110.0,47.9482650756836,0.0,255.0,96.12442016601562,88.0,48.838748931884766,0.4394970097024651,0.4943451158411715,0.0595947043691913,0.5043725967407227,0.2747628390789032,0
19,0.0123749583333333,7.0,255.0,107.66460418701172,106.0,37.61886596679688,0.0,255.0,88.38127899169922,96.0,38.37863540649414,0.0,255.0,65.91770935058594,63.0,33.29145812988281,0.6312673907789274,0.7190649702809689,0.0565825062667753,0.6407271027565002,0.570686936378479,0
20,0.019336625,8.0,255.0,91.697265625,88.0,55.17672729492188,0.0,255.0,68.2988052368164,61.0,47.40641021728516,0.0,255.0,60.56008529663086,49.0,45.91920471191406,0.6840399465466844,0.6336068483425263,0.1092232308247654,0.3532609045505523,0.1510705351829528,0
21,0.0160437916666666,14.0,235.0,123.0763702392578,119.0,41.17356872558594,3.0,207.0,101.78053283691406,104.0,37.925968170166016,0.0,255.0,100.20733642578124,97.0,45.57098388671875,0.8123126262214474,0.5616213977123887,0.0405424737000955,0.5002458691596985,0.5190076231956482,0
22,0.0138134166666666,9.0,255.0,146.08900451660156,162.0,68.41925048828125,0.0,255.0,105.82880401611328,111.0,59.337623596191406,0.0,255.0,103.90162658691406,99.0,66.6699447631836,0.474599169377864,0.5979801696599766,0.0496377167002852,0.202583372592926,0.2078844010829925,0
23,0.0167739166666666,4.0,255.0,116.2037124633789,119.0,46.68012619018555,0.0,255.0,98.59269714355467,103.0,47.2338752746582,0.0,255.0,81.48323822021484,77.0,45.55265426635742,0.9277680881678146,0.7021361946155618,0.0492188316317869,-0.0170593746006488,0.0593406930565834,0
24,0.0225047916666666,0.0,255.0,77.35829162597656,75.0,44.13648223876953,0.0,255.0,51.63433074951172,44.0,34.653587341308594,0.0,255.0,50.165523529052734,38.0,39.57255554199219,0.4095145286330376,0.6808432591330172,0.0769533450295733,0.3258187770843506,0.2230808287858963,0
25,0.0114814583333333,4.0,255.0,98.57263946533205,103.0,49.20952224731445,0.0,255.0,88.2312240600586,93.0,49.10744857788086,0.0,255.0,82.66384887695312,87.0,47.791236877441406,0.7696393480012511,0.4544315132764816,0.0452735248829139,0.6870333552360535,-0.0116134453564882,0
26,0.0163886666666666,3.0,255.0,102.49156951904295,110.0,66.54924774169922,2.0,255.0,84.50395202636719,87.0,56.55186462402344,0.0,255.0,89.83610534667969,86.0,64.94403839111328,0.7101129112026833,0.6270463643305685,0.0484206217461524,0.5823412537574768,-0.0166618824005126,0
27,0.0037650416666666,9.0,255.0,108.01700592041016,108.0,44.81818008422852,0.0,255.0,73.9424057006836,69.0,41.26398468017578,0.0,255.0,60.0317611694336,52.0,40.26937484741211,0.7922981002583109,0.7596106156005952,0.0695629994372897,-0.0037789505440741,0.2512626945972442,0
28,0.0075635,9.0,255.0,152.47567749023438,170.0,59.95392608642578,4.0,255.0,129.3885955810547,141.0,59.317604064941406,0.0,255.0,111.49967193603516,111.0,61.91164016723633,0.7693729270729961,0.5605377981033786,0.0364770051350226,0.3256832361221313,0.065857708454132,0
29,0.0149252083333333,0.0,255.0,95.33710479736328,93.0,57.23678970336914,0.0,255.0,78.60283660888672,72.0,54.29438781738281,0.0,255.0,68.72074127197266,58.0,50.89894104003906,0.7785285047607953,0.6722574736458855,0.0515511024408983,0.3612191677093506,0.134271964430809,0
30,0.0178554583333333,21.0,255.0,138.37986755371094,132.0,49.31233215332031,0.0,255.0,99.0691146850586,100.0,44.21555709838867,0.0,255.0,77.28227996826172,69.0,48.50761032104492,0.5543347031869522,0.7029696473595024,0.0782528452896415,0.0016591685125604,0.0673549249768257,0
31,0.011362125,8.0,255.0,130.8031463623047,139.0,50.07429885864258,0.0,255.0,110.84205627441406,120.0,49.400020599365234,0.0,255.0,93.56194305419922,95.0,47.63671875,0.5051019050972262,0.7471784656442744,0.3498642992389728,0.6580649018287659,0.566126823425293,0
32,0.0098641666666666,2.0,255.0,91.08694458007812,81.0,68.51819610595703,0.0,255.0,76.2834243774414,61.0,60.861698150634766,0.0,255.0,74.69414520263672,58.0,58.4508171081543,0.5503802549764728,0.6126748170308796,0.2069837818219031,0.5485038161277771,-0.0099618798121809,0
33,0.0081559166666666,6.0,255.0,84.73464965820312,77.0,55.26763153076172,2.0,255.0,70.85525512695312,63.0,50.38531875610352,0.0,255.0,55.49679565429688,42.0,44.80968475341797,0.5461122725316034,0.5658297151512699,0.1648325849515164,-0.0082226833328604,0.5690813064575195,0
34,0.0080445,7.0,255.0,79.30026245117188,70.0,51.36077117919922,5.0,255.0,65.87738800048828,51.0,48.33150100708008,0.0,255.0,44.335845947265625,32.0,36.99091720581055,0.5094966277622082,0.6024864878359317,0.1580705055964353,0.4222531616687774,0.1770853996276855,0
35,0.00541725,5.0,192.0,71.2880630493164,57.0,48.88376998901367,5.0,188.0,57.11564254760742,37.0,49.54143142700195,0.0,182.0,48.08397674560547,28.0,47.202186584472656,0.8364902514398015,0.8137674628210906,0.295252520603839,-0.0054462039843201,0.5264813899993896,0
36,0.0094573333333333,9.0,255.0,111.748291015625,118.0,50.74702453613281,7.0,255.0,88.4391098022461,97.0,46.222145080566406,5.0,238.0,63.46918487548828,65.0,35.49956512451172,0.4783186638832775,0.653917292323294,0.1787953231861775,0.1352534890174865,0.0828415229916572,0
37,0.0104475,11.0,255.0,142.60354614257812,151.0,63.64925003051758,8.0,255.0,117.72199249267578,128.0,62.29575347900391,0.0,255.0,91.58746337890624,88.0,53.260719299316406,0.6523009692460893,0.6246263302642593,0.1999109399229191,-0.0023843643721193,0.1555551290512085,0
38,0.01157,0.0,255.0,111.84182739257812,109.0,47.0269660949707,0.0,255.0,92.6799774169922,91.0,45.57876205444336,0.0,255.0,73.6926498413086,65.0,44.09892654418945,0.6735175510692919,0.7800438226866678,0.320426572656422,-0.011705576442182,-0.0117057068273425,0
39,0.0165848333333333,4.0,255.0,92.50464630126952,87.0,50.42578125,0.0,255.0,68.21366119384766,65.0,44.58816909790039,0.0,255.0,53.35652160644531,45.0,41.984806060791016,0.5637815961127153,0.7163146604471703,0.2226400674931181,0.3684586584568023,0.04559176415205,0
40,0.01470125,8.0,210.0,85.43218231201172,90.0,39.00913238525391,5.0,191.0,71.09253692626953,72.0,34.2186279296875,0.0,152.0,56.041786193847656,52.0,29.165266036987305,0.3862661154774818,0.5666477157751718,0.2219842180305205,0.3887587189674377,0.1190396249294281,0
41,0.0093895,8.0,255.0,107.5233154296875,101.0,55.84521484375,5.0,255.0,97.90794372558594,89.0,55.90193557739258,0.0,255.0,77.16804504394531,62.0,52.38133239746094,0.9136942995198336,0.7290927915102886,0.2923424809422706,0.2928354442119598,0.7229047417640686,0
42,0.013253875,3.0,255.0,108.27125549316406,102.0,46.35064315795898,0.0,255.0,92.45467376708984,91.0,45.36817932128906,0.0,255.0,76.2532958984375,68.0,42.86307144165039,0.4199682943375463,0.6668616352201258,0.2077046494514512,0.027534021064639,0.4225407838821411,0
43,0.0193913333333333,11.0,255.0,119.04753112792967,122.0,47.99797058105469,0.0,255.0,85.4225082397461,84.0,44.95246124267578,0.0,255.0,76.4801254272461,79.0,42.72230911254883,0.778687388156043,0.602012780379272,0.2151150522231136,0.1936425864696502,0.4061803817749023,0
44,0.0125543333333333,9.0,255.0,127.0018310546875,127.0,48.30790328979492,0.0,255.0,103.29353332519533,106.0,45.195926666259766,0.0,255.0,88.42584228515625,85.0,45.46596145629883,0.3346325706713211,0.6441367869267408,0.2810178467471925,0.2295786291360855,0.4798110425472259,0
45,0.0136154166666666,9.0,235.0,89.05096435546875,79.0,46.040287017822266,6.0,217.0,74.8001480102539,68.0,42.82184600830078,0.0,250.0,47.33235549926758,32.0,42.042091369628906,0.7181139605213082,0.6563755423429214,0.1996011615728551,0.5721696019172668,0.6430760622024536,0
46,0.0209344583333333,5.0,255.0,98.75630950927734,98.0,45.11698913574219,0.0,243.0,84.42245483398438,84.0,42.30267333984375,0.0,241.0,68.46663665771484,60.0,44.16185760498047,0.3545484365939695,0.7571746125038618,0.2557205277537331,0.3332642316818237,0.2139757722616195,0
47,0.012116,3.0,255.0,94.8547134399414,87.0,59.19822311401367,0.0,243.0,82.95425415039062,78.0,52.42729949951172,0.0,255.0,109.7019500732422,97.0,66.94287872314453,0.4450199976995797,0.7580791490692945,0.2360587907895146,-0.0122654475271701,0.6226404309272766,0
48,0.009546375,6.0,255.0,109.0677719116211,111.0,62.7305793762207,4.0,237.0,89.05054473876953,87.0,54.26655197143555,4.0,255.0,110.66532135009766,101.0,66.2345962524414,0.7640184753242636,0.781113202143763,0.2762855855567979,0.3635554313659668,0.7481222748756409,0
50,0.0198496666666666,10.0,255.0,122.11744689941406,121.0,54.72590255737305,4.0,250.0,95.00973510742188,88.0,53.27815246582031,4.0,255.0,104.8652114868164,102.0,56.3744010925293,0.6189089148674813,0.705828666251815,0.2107953640159289,0.322273313999176,0.1177410632371902,0
51,0.0219363333333333,5.0,247.0,129.27096557617188,135.0,52.8123893737793,2.0,248.0,108.56013488769533,108.0,50.47306060791016,2.0,255.0,131.8351287841797,134.0,58.27640914916992,0.6539299158006332,0.7242861309369858,0.2896804572899081,0.4791612923145294,-0.0004754491092171,0
52,0.020392,7.0,245.0,109.41144561767578,110.0,47.05223846435547,0.0,240.0,97.11785888671876,98.0,47.876800537109375,6.0,255.0,105.92190551757812,102.0,51.5217170715332,0.5383191169687735,0.7353591691508798,0.3284409259804054,0.6197002530097961,0.0786501541733741,0
53,0.0164825,19.0,255.0,124.50289916992188,118.0,48.611061096191406,0.0,234.0,105.12213134765624,102.0,46.84214019775391,1.0,241.0,105.59176635742188,98.0,46.93231964111328,0.6607577154638357,0.7726171875,0.3820399277120438,-0.016758969053626,0.0253949370235204,0
54,0.01179075,7.0,234.0,111.7414779663086,104.0,55.12735366821289,0.0,240.0,99.2581787109375,91.0,55.875858306884766,0.0,238.0,84.50672149658203,70.0,53.71306228637695,0.8019346016584186,0.6229428080834765,0.2088169862801502,0.2769258618354797,-0.0119317881762981,0
55,0.0134513333333333,4.0,220.0,71.99095153808594,67.0,40.42840194702149,0.0,191.0,47.837196350097656,38.0,38.23780059814453,0.0,170.0,33.594696044921875,22.0,31.981204986572266,0.5763951712187907,0.6706608720220041,0.2256202901012398,0.56110680103302,0.0346689596772193,0
56,0.0085278333333333,0.0,255.0,92.5645523071289,80.0,54.075950622558594,0.0,255.0,76.86732482910156,67.0,50.86139678955078,0.0,255.0,59.92730331420898,47.0,43.96355819702149,0.7310072156924181,0.6960738967187244,0.33105766328305,0.6398155093193054,-0.0086012072861194,0
57,0.0078663333333333,0.0,255.0,94.59632110595705,83.0,54.85508346557617,0.0,255.0,79.68334197998047,69.0,52.26630401611328,0.0,255.0,62.76728820800781,49.0,45.39311981201172,0.7839642855280193,0.6526903876204831,0.3020956356373895,0.3101895749568939,0.6082754135131836,0
58,0.0104036666666666,3.0,255.0,74.82939147949219,68.0,49.49227142333984,1.0,255.0,60.47057342529297,54.0,43.82405853271485,0.0,255.0,52.16240692138672,39.0,43.688385009765625,0.3704802288873371,0.7213664151248657,0.2535485181823723,0.2931351959705353,-0.0105124125257134,0
59,0.0114715,3.0,255.0,84.08002471923828,74.0,57.53350067138672,0.0,255.0,68.27645874023438,60.0,51.72035598754883,0.0,255.0,62.41357421875,43.0,54.71550369262695,0.4145444070872054,0.6297140034034144,0.2108303500343364,-0.0116050830110907,-0.0116054359823465,0
60,0.0079628333333333,6.0,255.0,107.65947723388672,104.0,54.97686004638672,6.0,255.0,85.07537078857422,78.0,51.04521179199219,0.0,255.0,68.87141418457031,57.0,46.31843185424805,0.5551478672381285,0.6793067167150089,0.2244870035723145,0.2253988683223724,0.4934151172637939,0
61,0.0169968333333333,4.0,211.0,75.80725860595703,70.0,49.4669303894043,3.0,193.0,52.755802154541016,47.0,34.12138366699219,3.0,240.0,69.63906860351562,58.0,46.39927291870117,0.7452148693297921,0.5768319239797506,0.1879159398464055,-0.0172896850854158,0.0810622498393058,0
62,0.0200545,3.0,193.0,59.27995300292969,49.0,40.585845947265625,0.0,182.0,40.55330657958984,33.0,31.24017906188965,0.0,208.0,49.02790069580078,42.0,32.39866256713867,0.6156882394807435,0.6312500983647839,0.1628198113447984,-0.0204664412885904,0.1538368910551071,0
63,0.0131848333333333,0.0,255.0,73.01902770996094,46.0,65.254638671875,0.0,255.0,57.99138641357422,33.0,58.79761505126953,0.0,255.0,59.97676086425781,41.0,54.731536865234375,0.9156622497246606,0.8070946876562229,0.3651284616948004,0.4371211230754852,0.1031764671206474,0
64,0.02632075,1.0,187.0,67.26483154296875,69.0,44.36605453491211,0.0,185.0,50.05346298217773,41.0,35.279415130615234,0.0,196.0,55.19815444946289,49.0,35.771820068359375,0.6283246294266259,0.6194915387210406,0.199280307251674,0.1480082869529724,0.2406509220600128,0
65,0.0244128333333333,2.0,202.0,59.47884750366211,51.0,41.52924346923828,0.0,177.0,39.97087478637695,31.0,31.19852638244629,0.0,225.0,52.61118316650391,43.0,38.9254035949707,0.6894283294460485,0.6720176541295432,0.1866966865138273,0.0495596528053283,0.5755597352981567,0
66,0.0246566666666666,0.0,255.0,91.45933532714844,93.0,66.04640197753906,0.0,255.0,72.93352508544922,66.0,58.1815299987793,0.0,255.0,70.81611633300781,57.0,59.95441055297852,0.6890992378319267,0.6175301507196831,0.1482410589762263,0.2628675103187561,0.4541371762752533,0
67,0.0175103333333333,0.0,255.0,110.33576202392578,99.0,59.10087966918945,0.0,255.0,89.91861724853516,85.0,54.38322830200195,0.0,255.0,88.13909912109375,74.0,55.414981842041016,0.8040592216046528,0.5794030706785493,0.1751620169275556,0.0527252815663814,0.2815552055835724,0
68,0.0161465,5.0,255.0,109.28607940673828,104.0,59.92368698120117,4.0,255.0,92.61856842041016,88.0,54.36656951904297,4.0,255.0,84.73292541503906,74.0,52.80506896972656,0.5852714054420298,0.730236379533874,0.2550865726949549,-0.016412055119872,0.0984538942575454,0
69,0.017729,0.0,232.0,63.17976379394531,52.0,46.06679534912109,1.0,253.0,61.184547424316406,56.0,41.1340446472168,0.0,255.0,54.62972640991211,48.0,44.471466064453125,0.7494272600633077,0.7133880129567906,0.2683477179347934,0.3492844402790069,0.2694192826747894,0
70,0.0152661666666666,0.0,255.0,50.69719696044922,40.0,37.87117385864258,0.0,255.0,48.742557525634766,41.0,34.63127899169922,0.0,255.0,44.75581741333008,39.0,37.39960479736328,0.8845223427100165,0.7682958539183533,0.2837939524793759,0.7320768237113953,0.1455180197954177,0
75,0.00476125,12.0,255.0,105.5533218383789,90.0,59.65608215332031,6.0,255.0,81.65403747558594,67.0,54.49472427368164,2.0,255.0,78.60267639160156,65.0,53.32313537597656,0.8947125942188918,0.75111414936832,0.2015109342089107,0.4731767773628235,-0.0047838594764471,0
77,0.007123375,0.0,255.0,84.87350463867188,74.0,56.43333053588867,0.0,255.0,68.95140838623047,57.0,53.60675811767578,0.0,255.0,67.02446746826172,52.0,53.41915512084961,0.689315456975115,0.5800085494442861,0.1926390840426318,0.3351191878318786,0.0694180354475975,0
84,0.015821865720477,3.0,255.0,100.18286895751952,95.0,69.51829528808594,1.0,243.0,84.79046630859375,69.0,65.67095184326172,0.0,255.0,82.13378143310547,66.0,66.87957763671875,0.7906738468949993,0.855377385946606,0.4483784506268101,0.6099756956100464,-0.0160762127488851,5
85,0.0528363333333333,4.0,233.0,77.69554138183594,75.0,52.77881622314453,0.0,174.0,22.56400489807129,13.0,25.33271026611328,0.0,159.0,22.72830009460449,13.0,25.434457778930664,0.4659557132373271,0.7071117574632858,0.2029854349755018,0.5498959422111511,-0.0343419909477233,5
86,0.0253965,2.0,255.0,91.7912139892578,86.0,66.1659927368164,1.0,255.0,73.79271697998047,61.0,58.68185806274414,0.0,255.0,61.993160247802734,45.0,55.982200622558594,0.8484695379047512,0.8041447660059527,0.2823843704083779,0.5403090715408325,-0.0260570365935564,5
87,0.0254383333333333,0.0,255.0,67.63742065429688,44.0,64.11920928955078,0.0,255.0,52.78135299682617,27.0,59.01675415039063,0.0,255.0,37.98476028442383,18.0,54.78764724731445,0.8696207184356513,0.8813780518790567,0.4853605836618729,0.791423499584198,0.1472572237253189,5
88,0.0432945,5.0,249.0,90.5480499267578,88.0,57.64051055908203,0.0,210.0,39.04692459106445,31.0,34.501373291015625,0.0,176.0,39.1523323059082,25.0,36.03608322143555,0.5226180559348058,0.8281141909877744,0.3578306849882635,0.673600435256958,0.4074881374835968,5
89,0.0198381666666666,0.0,200.0,81.51464080810547,91.0,54.264007568359375,0.0,184.0,70.09355163574219,69.0,51.06557083129883,0.0,193.0,65.46795654296875,51.0,50.65229415893555,0.5723881579151427,0.805469088349935,0.3559192699457917,0.2717604637145996,0.8079448342323303,5
90,0.0197255,1.0,255.0,81.16848754882812,74.0,49.5912971496582,1.0,255.0,59.10883712768555,50.0,42.39947891235352,0.0,255.0,57.078369140625,45.0,44.60269927978516,0.6326536632853463,0.7625149793188759,0.2488928055876288,0.6281510591506958,0.163135826587677,5
91,0.0394531666666666,3.0,255.0,89.498779296875,80.0,64.29634094238281,0.0,255.0,71.18486785888672,55.0,57.53409576416016,0.0,255.0,55.748008728027344,41.0,50.37184524536133,0.8572079664506447,0.8677128236708601,0.4564207260389842,-0.0410715080797672,-0.0410728454589843,5
92,0.0340429166666666,2.0,230.0,81.07762145996094,84.0,53.4096908569336,2.0,215.0,68.28644561767578,66.0,48.605262756347656,0.0,255.0,71.70087432861328,62.0,57.07546615600586,0.5843282717810264,0.709180644332492,0.2973603263294747,-0.0352413430809974,0.0550239793956279,5
93,0.0387956666666666,1.0,236.0,75.5491714477539,68.0,51.24002456665039,0.0,218.0,56.11404037475586,45.0,44.06745147705078,0.0,255.0,42.42023849487305,30.0,40.30506896972656,0.6977392796976666,0.9150191141641362,0.5510921974600125,0.6071146130561829,0.7304747700691223,5
94,0.0403435,3.0,255.0,96.50457763671876,92.0,61.53063201904297,0.0,255.0,83.5068359375,68.0,61.69460678100586,0.0,255.0,44.77780151367188,37.0,38.597145080566406,0.7547726519743733,0.5994561677658055,0.2166070143008643,0.206436276435852,-0.0420401059091091,5
95,0.0289068333333333,0.0,255.0,71.71342468261719,55.0,62.067161560058594,0.0,255.0,54.98212814331055,38.0,50.52923202514648,0.0,255.0,31.641769409179688,21.0,31.17620277404785,0.8694924819432446,0.8557676651552008,0.4179893910555086,-0.0297666639089584,0.3593224883079529,5
96,0.0365135,2.0,255.0,105.8427276611328,107.0,64.73696899414062,2.0,255.0,87.95746612548828,90.0,56.50286102294922,0.0,255.0,64.0195541381836,53.0,50.846824645996094,0.7785007753741519,0.9000086270288923,0.4349763955392081,0.6135346293449402,0.5174250602722168,5
97,0.038646,3.0,255.0,100.59977722167967,93.0,71.12899017333984,0.0,255.0,81.18750762939453,66.0,66.11334991455078,0.0,255.0,70.20899963378906,49.0,65.639892578125,0.8490991118504077,0.8809443302572442,0.4882925962268691,0.8162352442741394,0.8316202759742737,5
98,0.0264211666666666,0.0,174.0,53.36858749389648,29.0,50.05972671508789,0.0,170.0,49.71052169799805,21.0,51.07113265991211,0.0,196.0,40.64542388916016,14.0,45.36482620239258,0.7651724010572546,0.7242114976975367,0.2003409582810435,0.1777334213256836,-0.0271399039775133,5
99,0.0363615,0.0,255.0,60.03841400146485,53.0,44.53355407714844,0.0,255.0,44.70160675048828,31.0,37.34834289550781,0.0,255.0,34.329010009765625,21.0,32.72126007080078,0.7684677670809527,0.8551463548714894,0.4230991290297254,0.1397309750318527,0.3741282224655151,5
100,0.0253406666666666,1.0,255.0,57.15087890625,35.0,51.686153411865234,1.0,255.0,48.67016220092773,27.0,46.36411666870117,0.0,255.0,43.05534744262695,22.0,44.33138656616211,0.6040617358653694,0.7930647777714026,0.3216435223163211,0.6315893530845642,0.6346521377563477,5
101,0.0257145,0.0,255.0,79.70279693603516,75.0,58.74917984008789,0.0,255.0,64.67220306396484,53.0,52.89373016357422,0.0,255.0,56.63264083862305,40.0,51.07557678222656,0.7056559748746191,0.7592116917626218,0.3000422586471069,0.6711422204971313,0.4952918291091919,5
102,0.0266541666666666,0.0,255.0,68.93065643310547,52.0,60.17032241821289,0.0,255.0,56.02607345581055,38.0,52.410675048828125,0.0,255.0,50.02408599853516,30.0,52.49578094482422,0.7900666033300173,0.7713325230543658,0.319915502120458,0.5232663154602051,0.1262666136026382,5
103,0.0282251666666666,0.0,255.0,81.31877899169922,83.0,59.195343017578125,1.0,255.0,66.79021453857422,59.0,52.09644317626953,0.0,255.0,58.25594329833984,45.0,50.069114685058594,0.7219470706784424,0.7845772527217976,0.3698782153474177,0.7091631889343262,0.7436436414718628,5
104,0.0249271666666666,2.0,250.0,76.42866516113281,57.0,62.1324462890625,1.0,240.0,70.00847625732422,44.0,62.86797332763672,0.0,249.0,60.49167251586914,40.0,56.42238998413086,0.8065420753973531,0.7176253965969136,0.2759688505824302,0.3930140733718872,0.3050151169300079,5
105,0.0237108333333333,3.0,255.0,80.15440368652344,66.0,61.54059982299805,0.0,255.0,61.102970123291016,42.0,57.11019515991211,0.0,255.0,53.96878433227539,31.0,57.5592155456543,0.795050396859281,0.9243989603638726,0.5853949472192518,0.88707035779953,0.4991154968738556,5
106,0.0315595,0.0,255.0,68.10974884033203,65.0,45.03108215332031,0.0,255.0,51.90525817871094,48.0,37.10612106323242,0.0,255.0,40.52338409423828,36.0,30.689197540283203,0.5505043070508888,0.7347364009917702,0.2850994391171086,0.3946651220321655,0.3081527948379516,5
107,0.021639,6.0,255.0,108.29328155517578,110.0,59.5003547668457,0.0,255.0,83.63728332519531,83.0,52.287540435791016,0.0,255.0,64.0831527709961,59.0,39.56756591796875,0.4537804102849604,0.7801773867897318,0.3747589940631356,-0.0221161879599094,-0.0221166405826807,5
108,0.0153065,1.0,255.0,71.41703796386719,70.0,45.57685852050781,0.0,255.0,54.89458084106445,47.0,39.86674499511719,0.0,255.0,52.61943054199219,41.0,43.66181564331055,0.6748174787911424,0.8303782131845677,0.4559510422106192,0.7801148891448975,0.0034088930115103,5
109,0.0326496666666666,3.0,220.0,81.87138366699219,81.0,50.86252212524414,0.0,209.0,65.75769805908203,56.0,48.81402206420898,0.0,255.0,46.88347625732422,43.0,35.73944091796875,0.396348136957191,0.5440628775360005,0.1876076301707065,0.2876203060150146,0.3349523544311523,5
110,0.021689,3.0,245.0,73.23345184326172,74.0,45.70299530029297,2.0,227.0,64.10663604736328,68.0,40.82381439208984,0.0,233.0,37.59504699707031,32.0,29.485109329223636,0.5300986558059548,0.8081451673000969,0.3369855458042428,0.8035280108451843,0.3416443169116974,5
111,0.0216883333333333,2.0,255.0,76.99542236328125,68.0,55.974491119384766,1.0,255.0,64.80999755859375,49.0,52.97788238525391,0.0,255.0,57.72821807861328,40.0,51.0929069519043,0.7397633077161488,0.8026621762488975,0.326423221134424,0.3712500035762787,0.0266423393040895,5
112,0.0443591666666666,0.0,255.0,73.91545104980469,63.0,59.904293060302734,0.0,255.0,57.915653228759766,47.0,51.99951934814453,0.0,255.0,57.84230041503906,45.0,54.86500549316406,0.6262622006677133,0.9021500018642614,0.557365688089205,0.5365722179412842,0.4227975010871887,5
113,0.0287973333333333,0.0,255.0,56.542423248291016,28.0,58.17161178588867,0.0,255.0,46.6273307800293,17.0,53.53316116333008,0.0,255.0,40.95560836791992,15.0,50.84804534912109,0.7199886402217652,0.884409558445281,0.485033964276215,0.4854321777820587,0.6733533143997192,5
114,0.0185313333333333,1.0,255.0,59.92644119262695,40.0,50.240570068359375,0.0,255.0,48.01741027832031,29.0,43.60347366333008,0.0,255.0,41.47480010986328,23.0,41.18360137939453,0.8024024458562415,0.767189451386541,0.2747391102905976,0.5791418552398682,0.581780195236206,5
115,0.0145786666666666,0.0,255.0,48.257572174072266,27.0,46.346317291259766,0.0,255.0,35.06382751464844,19.0,35.567047119140625,0.0,255.0,28.61070442199707,15.0,36.44290542602539,0.7820504948024334,0.9370753355134004,0.5589062245221005,-0.0147934611886739,-0.0147937769070267,5
116,0.0289876666666666,0.0,255.0,44.07219314575195,29.0,41.98978042602539,0.0,255.0,34.12704849243164,18.0,36.925594329833984,0.0,255.0,23.37869453430176,14.0,29.635936737060547,0.8123390795325762,0.8843185307965303,0.4496681385353199,0.6974624991416931,-0.0298528466373682,5
117,0.0354351666666666,0.0,255.0,79.3323745727539,75.0,55.04208755493164,0.0,255.0,63.96975326538086,57.0,49.20162582397461,0.0,255.0,44.20790100097656,35.0,37.77770233154297,0.5898027557806885,0.8352393037151691,0.4173303857664166,-0.0298015642911195,0.3756502568721771,5
118,0.037257,0.0,255.0,51.736595153808594,30.0,50.03049087524414,0.0,244.0,43.72872543334961,19.0,45.57375717163086,0.0,255.0,43.70529174804688,19.0,46.87814712524414,0.7033599251297796,0.7602363941977824,0.3623127726453119,0.0691089257597923,0.5095767974853516,5
119,0.015522,6.0,255.0,98.86681365966795,95.0,59.260833740234375,4.0,255.0,85.0364990234375,76.0,59.95045852661133,0.0,255.0,76.41387939453125,62.0,58.2666244506836,0.4940963069763217,0.692348865562461,0.2594600871240073,0.3039250075817108,-0.0157668963074684,5
120,0.02839925,4.0,255.0,92.2333984375,73.0,69.9132308959961,0.0,255.0,68.99127197265625,52.0,54.789306640625,0.0,255.0,50.79878234863281,40.0,42.857608795166016,0.5100517468399839,0.6428805885681946,0.0993732824243701,0.0174368787556886,-0.0292280931025743,5
121,0.018408125,1.0,255.0,52.27021026611328,42.0,40.98332595825195,0.0,255.0,40.3851318359375,30.0,33.455780029296875,0.0,255.0,38.69533157348633,25.0,37.68652725219727,0.7289936073238262,0.7353286297067474,0.1557584486222689,0.3150306046009063,0.6975757479667664,5
122,0.0271513333333333,0.0,255.0,84.68428802490234,75.0,56.69897079467773,0.0,255.0,63.56085586547852,51.0,48.47260284423828,0.0,255.0,50.8648567199707,36.0,43.06831741333008,0.6005127128691156,0.4789312918750312,0.1293825686821352,0.3135204315185547,0.4471492171287536,5
123,0.0302785,2.0,255.0,113.03841400146484,115.0,76.30952453613281,0.0,255.0,90.63320922851562,78.0,71.50701904296875,0.0,255.0,83.8836441040039,62.0,74.7505111694336,0.67979373479354,0.6786713923483182,0.1862140755638061,0.2810757160186767,0.0531478710472583,5
124,0.032656375,0.0,255.0,71.88663482666016,73.0,51.8741569519043,0.0,255.0,66.4248046875,69.0,49.83650588989258,0.0,255.0,54.120887756347656,47.0,49.178218841552734,0.5613703782106555,0.606133935946099,0.1766885600057098,-0.0337579026818275,-0.0337574444711208,5
125,0.0388822083333333,0.0,255.0,65.16606903076172,52.0,54.53470230102539,0.0,255.0,54.26298522949219,45.0,47.5638542175293,0.0,255.0,38.30680847167969,23.0,47.53077697753906,0.5948677608544727,0.6575215539715958,0.1647219976447521,0.6454136371612549,0.4281595349311828,5
126,0.04084775,0.0,255.0,78.70722961425781,58.0,67.66224670410156,0.0,255.0,60.933815002441406,37.0,59.091434478759766,0.0,255.0,54.37385177612305,27.0,61.00886535644531,0.8656048089498134,0.6897889568583744,0.2451068368435069,0.6386045217514038,0.79649817943573,5
127,0.0321703333333333,0.0,255.0,87.26004028320312,87.0,52.73402404785156,0.0,255.0,73.98492431640625,71.0,50.63528060913086,0.0,255.0,56.55249786376953,50.0,42.21195602416992,0.5896578251436835,0.7382058288666773,0.2271509753702171,-0.0332376509904861,0.4397058188915252,5
128,0.0423964583333333,0.0,255.0,56.28728866577149,38.0,53.23246765136719,0.0,255.0,46.40260696411133,22.0,48.54378128051758,0.0,255.0,45.92863082885742,18.0,52.06759643554688,0.5665419451806765,0.6946281967786111,0.1661015898474785,-0.0442737080156803,0.4911879897117615,5
129,0.030271125,1.0,255.0,86.14044189453125,91.0,50.601688385009766,0.0,255.0,66.31925201416016,63.0,45.54533004760742,0.0,255.0,53.573387145996094,51.0,38.58660125732422,0.525286573871418,0.6265140970781354,0.1826994611052503,0.1310314238071441,0.3813391327857971,5
130,0.02017875,3.0,255.0,75.0280532836914,61.0,56.05832290649414,0.0,255.0,56.87508392333984,42.0,45.47370147705078,0.0,255.0,49.09832382202149,31.0,46.4028549194336,0.4996216087192128,0.5904881046440172,0.160147371188051,0.4876742362976074,0.7871553301811218,5
131,0.03304125,0.0,255.0,65.05514526367188,30.0,69.45838165283203,0.0,255.0,55.87843322753906,19.0,65.70745086669922,0.0,255.0,53.47286605834961,15.0,65.23681640625,0.3987569132413917,0.7243068761611434,0.2286805352955386,0.6762281656265259,-0.0266423411667346,5
132,0.030832875,1.0,255.0,60.98308563232422,49.0,52.011329650878906,0.0,255.0,48.525028228759766,31.0,46.83268356323242,0.0,255.0,48.80738067626953,26.0,49.96382141113281,0.5875208101759618,0.6704711942266136,0.1899822736452271,-0.0318120643496513,-0.0070161973126232,5
133,0.03890025,0.0,255.0,89.01087951660156,82.0,59.668212890625,0.0,255.0,81.81620788574219,68.0,59.88276672363281,0.0,255.0,69.15528106689453,51.0,59.83129501342773,0.6557226043629735,0.5834516040128913,0.1534050065332647,0.0766492933034896,0.0375740379095077,5
134,0.0387813333333333,0.0,255.0,68.18938446044922,43.0,64.73274993896484,0.0,255.0,55.55770492553711,28.0,58.85337066650391,0.0,255.0,52.63847351074219,23.0,59.8373908996582,0.7851023133710865,0.7180631354160398,0.2321463396604566,0.4295315742492676,-0.0403462275862693,5
135,0.020028,1.0,255.0,99.67922973632812,99.0,70.1937255859375,0.0,255.0,84.23375701904297,79.0,65.87671661376953,0.0,255.0,71.1494140625,47.0,65.60661315917969,0.8177397255699508,0.6011323005811576,0.1536881358956346,0.2376795411109924,0.3211922645568847,5
136,0.035679375,1.0,255.0,59.07786560058594,47.0,48.69757461547852,0.0,255.0,44.63227462768555,30.0,43.03443145751953,0.0,255.0,44.946044921875,28.0,45.080265045166016,0.7332031806835173,0.8623561531264886,0.4776926093033568,0.7807217240333557,0.2676879167556762,5
137,0.0216115,0.0,255.0,90.20254516601562,87.0,61.47705078125,0.0,255.0,71.04232788085938,61.0,55.6067008972168,0.0,255.0,59.805946350097656,47.0,49.79033660888672,0.480722349445582,0.7759964093357271,0.2438112784536948,0.6562662720680237,0.7383771538734436,5
138,0.029323125,0.0,255.0,54.912872314453125,41.0,48.72910690307617,0.0,255.0,40.48552703857422,24.0,41.50961685180664,0.0,255.0,31.1246337890625,18.0,37.48207092285156,0.7867587629065703,0.766923413910121,0.3055618224504596,0.6947490572929382,0.457285076379776,5
139,0.024273375,7.0,255.0,105.69273376464844,92.0,51.092769622802734,4.0,226.0,93.30379486083984,86.0,44.67399978637695,0.0,255.0,81.02709197998047,66.0,54.1217041015625,0.778426922679952,0.6536368134586839,0.2446641704032895,0.5404804348945618,0.3542196154594421,5
140,0.021783875,16.0,246.0,135.48867797851562,140.0,45.13782501220703,10.0,231.0,118.74710083007812,120.0,39.98686599731445,6.0,255.0,98.2154312133789,98.0,44.70081329345703,0.6175088235122732,0.7605039449797514,0.2948792183076805,-0.0205560270696878,0.6448313593864441,5
141,0.0204395416666666,6.0,255.0,125.057861328125,122.0,62.46573257446289,1.0,254.0,113.74757385253906,114.0,52.06538009643555,0.0,255.0,91.94302368164062,90.0,51.16144561767578,0.4871769614881995,0.6733999939599102,0.1560755289721409,0.3474790453910827,-0.0208646841347217,5
142,0.0185875,15.0,255.0,121.8081512451172,115.0,45.28569412231445,0.0,222.0,98.07513427734376,95.0,38.08876037597656,0.0,255.0,95.05364990234376,91.0,46.53500747680664,0.6934173453946941,0.6073626898774247,0.2042914464121983,-0.0189389158040285,-0.0189385544508695,5
143,0.008538125,3.0,255.0,129.05911254882812,123.0,62.1215934753418,0.0,255.0,93.23356628417967,96.0,48.10892105102539,0.0,255.0,85.38861846923828,66.0,59.44869995117188,0.6665862472341884,0.7814204107781599,0.3361976907030812,0.178238496184349,0.7716602683067322,5
144,0.00873025,3.0,255.0,125.83404541015624,114.0,56.08299255371094,0.0,255.0,87.34908294677734,81.0,44.56803512573242,0.0,255.0,74.39353942871094,52.0,58.39094543457031,0.668724738896375,0.7817025944082555,0.2649523151537309,-0.008806868456304,0.7189306616783142,5
145,0.0079452083333333,1.0,255.0,117.02991485595705,109.0,52.96459579467773,0.0,255.0,83.1941146850586,77.0,45.23395156860352,0.0,255.0,66.36265563964844,50.0,51.828887939453125,0.6209377548215382,0.8639147887387755,0.4435900308056575,-0.0080088311806321,0.145148292183876,5
146,0.02707825,7.0,255.0,116.1670379638672,105.0,57.263919830322266,0.0,234.0,96.80323028564452,95.0,49.9077377319336,0.0,247.0,63.80491256713867,55.0,42.552978515625,0.4995290380906513,0.7989098365492417,0.3251394423956476,0.7533949017524719,0.1954586654901504,5
147,0.02157225,13.0,255.0,157.32569885253906,153.0,59.177860260009766,5.0,255.0,117.25931549072266,112.0,50.14403533935547,0.0,255.0,97.42692565917967,84.0,60.65703201293945,0.810741014486385,0.8892442349772766,0.4300607969935431,0.5183850526809692,0.5580317378044128,5
148,0.028808875,5.0,255.0,115.87385559082033,117.0,50.1170654296875,0.0,194.0,65.67561340332031,60.0,40.3591194152832,0.0,194.0,42.76275634765625,33.0,29.99371719360352,0.6869145327680223,0.8900968609034172,0.497828898880187,0.1098054572939872,-0.0296623483300209,5
149,0.0152376666666666,12.0,255.0,137.95082092285156,128.0,55.82761001586914,6.0,255.0,119.98278045654295,120.0,51.80945587158203,5.0,255.0,99.6002426147461,83.0,54.23664093017578,0.6626353789849979,0.6183271027879366,0.2428166800560398,-0.0154732009395957,0.7516236901283264,5
150,0.01668425,0.0,255.0,94.96781158447266,90.0,48.194034576416016,3.0,254.0,75.7620849609375,69.0,46.185829162597656,0.0,255.0,81.7423095703125,69.0,62.425270080566406,0.6435531542812708,0.6774298330203522,0.1696993688233423,-0.0169667452573776,0.0230993404984474,5
151,0.0141788333333333,4.0,255.0,109.49047088623048,96.0,60.99285888671875,0.0,255.0,79.078369140625,64.0,54.547969818115234,0.0,255.0,73.02051544189453,52.0,59.051246643066406,0.7458950323578087,0.8615423565750164,0.5113224947701944,0.7603999376296997,0.7937124371528625,5
152,0.029318,13.0,255.0,120.14225769042967,120.0,55.85280227661133,0.0,255.0,91.6122817993164,90.0,49.73973846435547,0.0,255.0,83.14026641845703,75.0,49.089149475097656,0.7131263252254864,0.6889416962116783,0.2712538284730451,0.5978705883026123,0.3656434118747711,5
153,0.033310875,1.0,255.0,136.14149475097656,142.0,57.01993560791016,0.0,255.0,109.0344009399414,113.0,51.97468948364258,0.0,255.0,94.96329498291016,92.0,49.82639694213867,0.773445664898727,0.6800983064343246,0.2199358808618459,0.0735443457961082,0.3804102838039398,5
156,0.0154337916666666,3.0,205.0,81.81654357910156,81.0,47.47065353393555,3.0,182.0,68.39213562011719,62.0,43.55084228515625,0.0,157.0,56.903926849365234,45.0,38.91162109375,0.7789193079092402,0.7832258473769903,0.3538069551225454,0.0734949260950088,0.5588417053222656,5
157,0.0377922083333333,10.0,255.0,112.3358154296875,122.0,57.54400634765625,0.0,251.0,75.77554321289062,77.0,45.01525115966797,0.0,255.0,106.80425262451172,111.0,64.2242660522461,0.5729997251986491,0.7070787153647484,0.2636586603897217,0.6187912225723267,0.278632253408432,0
158,0.018113875,2.0,212.0,80.91496276855469,76.0,43.57216262817383,0.0,191.0,57.68113708496094,51.0,35.75178146362305,0.0,230.0,69.70647430419922,54.0,49.25092697143555,0.7604676856362378,0.588789869303176,0.2118132347580814,-0.0184477139264345,-0.018447708338499,0
159,0.02211375,5.0,219.0,79.102783203125,81.0,39.78626251220703,0.0,187.0,57.246238708496094,53.0,33.86661911010742,0.0,236.0,71.92585754394531,66.0,47.75084686279297,0.742280058109635,0.6533179214659492,0.1885984113952486,-0.0226139817386865,0.2093351036310196,0
160,0.032661625,7.0,255.0,104.82422637939452,110.0,59.93297576904297,0.0,255.0,73.11849212646484,69.0,48.01842498779297,5.0,255.0,104.92132568359376,98.0,63.6515007019043,0.5965731092471891,0.7200951333713647,0.281444081734074,-0.033764112740755,0.6087309122085571,0
161,0.021076625,13.0,245.0,120.7024383544922,123.0,46.47936630249024,0.0,219.0,66.4534912109375,63.0,32.47926330566406,10.0,255.0,102.70735931396484,91.0,57.81061935424805,0.666220985415708,0.7050885683540281,0.2345676344951749,0.2246239781379699,0.4989792108535766,0
162,0.01761625,6.0,251.0,135.8902587890625,145.0,49.04035949707031,0.0,223.0,84.16683197021484,84.0,37.18871688842773,5.0,255.0,119.9985809326172,118.0,53.07644271850586,0.7248251743811616,0.6769167219036092,0.291197406762417,0.2888349294662475,0.5328793525695801,0
163,0.026548125,12.0,241.0,123.72753143310548,126.0,41.20320510864258,7.0,205.0,84.93785095214844,83.0,31.52159881591797,10.0,255.0,101.20818328857422,99.0,43.76750946044922,0.6437896681054911,0.7189069405596181,0.3000402252094684,0.4040494859218597,-0.0245991479605436,0
164,0.034155375,8.0,237.0,101.31008911132812,106.0,47.74985504150391,0.0,222.0,86.93733978271484,91.0,43.82132339477539,5.0,255.0,100.8310775756836,95.0,47.841941833496094,0.5171060646039263,0.6424349437134984,0.2085174804709634,0.6419917345046997,0.1275703907012939,0
165,0.012401,8.0,255.0,125.35643768310548,119.0,44.0985107421875,3.0,235.0,111.12308502197266,107.0,42.93110275268555,0.0,236.0,94.13716888427734,97.0,36.02703857421875,0.5819816738985685,0.6429177818532944,0.2173291468101328,0.6356166005134583,0.1161711141467094,0
166,0.0135486666666666,12.0,255.0,120.91626739501952,108.0,54.0507926940918,7.0,253.0,108.23167419433594,99.0,54.09616470336914,1.0,255.0,96.46914672851562,92.0,48.036399841308594,0.490514709930024,0.533870978334395,0.1613459802824389,0.4418486654758453,-0.0126440180465579,0
167,0.0158814583333333,6.0,249.0,109.22389221191406,102.0,52.84977722167969,3.0,241.0,95.94108581542967,85.0,47.96163177490234,6.0,247.0,95.9662628173828,89.0,42.49250793457031,0.5333827403031762,0.5150061208110277,0.17200014993817,0.3681146800518036,0.4835886657238006,0
168,0.01920825,10.0,255.0,154.22361755371094,151.0,52.59988021850586,0.0,255.0,123.1557159423828,116.0,48.49946975708008,0.0,255.0,92.5556640625,76.0,56.79161071777344,0.7168756799176234,0.765107621733134,0.284236483849169,0.7162306904792786,0.5737424492835999,5
169,0.024756,5.0,255.0,142.4215545654297,133.0,56.912410736083984,0.0,255.0,113.2017822265625,104.0,51.69026947021485,0.0,255.0,84.43931579589844,71.0,49.36585235595703,0.6318060785719355,0.6795257282258498,0.1811746127554809,0.515297532081604,0.4429000914096832,5
171,0.0213227916666666,0.0,255.0,68.52017211914062,59.0,52.37044143676758,0.0,255.0,46.79159164428711,35.0,42.66622924804688,0.0,255.0,36.21429443359375,21.0,43.27647399902344,0.7428272403482664,0.8082606539407973,0.2821653280973442,0.063411146402359,0.4322492778301239,5
172,0.020887875,17.0,255.0,156.8675537109375,148.0,55.371280670166016,0.0,255.0,123.720458984375,115.0,46.799278259277344,0.0,255.0,93.07090759277344,74.0,57.950592041015625,0.5152757076153794,0.7813882368344759,0.3461179188184897,0.030463321134448,0.3625792562961578,5
173,0.012898375,7.0,255.0,124.27027893066406,119.0,51.28228759765625,3.0,255.0,101.94294738769533,104.0,45.808231353759766,0.0,255.0,85.13153839111328,82.0,49.393287658691406,0.6256823008505051,0.677681843456788,0.2757637298682369,0.7469133138656616,0.6007932424545288,0
174,0.022444125,12.0,255.0,131.04457092285156,124.0,47.105934143066406,5.0,255.0,107.77540588378906,110.0,42.89092254638672,0.0,255.0,76.48593139648438,73.0,39.13203811645508,0.6010084580716436,0.5973504763531234,0.195338281535527,0.0279926229268312,-0.0229594949632883,0
177,0.02409025,1.0,252.0,88.55858612060547,89.0,57.331146240234375,1.0,237.0,70.753173828125,62.0,51.99642181396485,0.0,255.0,62.46699905395508,53.0,52.92399978637695,0.595265810170234,0.7962742859346443,0.3325969775514722,0.0092688761651515,0.6592310667037964,5
178,0.026822125,14.0,255.0,126.30378723144533,117.0,47.45338821411133,10.0,255.0,98.99759674072266,93.0,40.26498031616211,0.0,255.0,81.61830139160156,68.0,50.34259033203125,0.7883595365542031,0.845861430996694,0.358917098419826,0.733757495880127,0.404873639345169,5
179,0.0168524583333333,3.0,255.0,114.5687484741211,114.0,70.22941589355469,0.0,255.0,104.61820220947266,101.0,67.79240417480469,0.0,255.0,90.01347351074219,82.0,68.28180694580078,0.775733164261724,0.8268236939154326,0.2962290304956622,0.5424990653991699,0.3345119655132293,5
181,0.012524125,3.0,255.0,115.2229232788086,106.0,53.888553619384766,0.0,255.0,106.11591339111328,97.0,52.13828659057617,0.0,255.0,95.44573974609376,87.0,46.20760726928711,0.8384715346840983,0.5690208409451025,0.1066303862788917,0.2359481304883957,0.4102106690406799,0
182,0.014082125,2.0,255.0,151.90115356445312,159.0,58.443504333496094,0.0,255.0,140.13265991210938,145.0,56.117923736572266,0.0,255.0,141.6243438720703,141.0,54.285003662109375,0.8727225469145694,0.574626205883453,0.163047848893979,0.3825802206993103,0.5930537581443787,0
183,0.0244150833333333,32.0,255.0,162.51113891601562,164.0,44.82999420166016,17.0,249.0,140.52749633789062,145.0,43.47808837890625,0.0,255.0,132.03775024414062,132.0,56.81906127929688,0.5633405648868373,0.8038824828683728,0.3914144773441096,0.6109810471534729,0.2339478284120559,5
184,0.02372025,13.0,255.0,138.17813110351562,139.0,44.348026275634766,7.0,234.0,122.62606811523438,128.0,41.26628875732422,7.0,255.0,123.35447692871094,123.0,47.2954330444336,0.7119829104524924,0.7824914436518082,0.23568883130578,0.2942139208316803,0.0446377135813236,0
185,0.02372025,37.0,255.0,108.92214965820312,96.0,55.64759063720703,16.0,246.0,115.4967041015625,105.0,36.504695892333984,17.0,255.0,96.28876495361328,77.0,54.04012680053711,0.7119829104524924,0.7824914436518082,0.23568883130578,0.2942139208316803,0.0446377135813236,0
186,0.01897225,0.0,249.0,116.657470703125,115.0,54.33799743652344,0.0,234.0,98.01791381835938,102.0,48.08527755737305,1.0,255.0,91.09001922607422,86.0,44.89987182617188,0.4389401868616371,0.7385024101309839,0.2481256919265146,0.4791008830070495,-0.0174317304044961,5
187,0.0105845,4.0,255.0,111.39196014404295,105.0,57.96449279785156,3.0,245.0,89.17845153808594,80.0,53.692169189453125,0.0,255.0,82.04838562011719,72.0,52.42593002319336,0.7753079416090934,0.6746571977191664,0.2793303294567554,0.6288817524909973,-0.010697541758418,0
190,0.023845125,0.0,255.0,79.78968811035156,82.0,61.01365280151367,0.0,255.0,68.84718322753906,66.0,53.78975677490234,0.0,255.0,71.69116973876953,68.0,57.2153205871582,0.5989239223805842,0.9496439766423456,0.7202563094165927,0.2946653068065643,0.7482349276542664,5
191,0.011769375,5.0,255.0,79.30274963378906,75.0,45.505592346191406,5.0,255.0,72.77605438232422,71.0,44.16331100463867,1.0,255.0,54.560035705566406,48.0,35.30209732055664,0.7152405882330292,0.4763048998876961,0.150717047349115,-0.01190996915102,0.4978711307048797,0
194,0.022354625,3.0,255.0,143.84178161621094,133.0,62.005470275878906,1.0,255.0,110.47512817382812,94.0,58.78779602050781,0.0,255.0,110.4971160888672,97.0,59.54458999633789,0.50013318870726,0.5730081832221517,0.1538579570240955,0.5019081830978394,0.535130500793457,0
195,0.024717625,0.0,255.0,104.50543975830078,91.0,55.26018142700195,0.0,255.0,77.85279846191406,61.0,54.03289794921875,0.0,255.0,70.50004577636719,55.0,50.47127151489258,0.5958197979169072,0.6275931382143065,0.2363398059446294,0.6201685667037964,0.5704644322395325,0
196,0.02660525,3.0,248.0,90.89539337158205,93.0,53.04125213623047,0.0,230.0,55.40678405761719,47.0,40.96563720703125,0.0,249.0,80.84583282470703,77.0,49.571266174316406,0.6438171832414014,0.7722121374469542,0.2545806718671945,0.3716011345386505,0.5338925123214722,0
197,0.023532875,0.0,255.0,70.3455581665039,57.0,54.46343994140625,0.0,255.0,47.20727157592773,31.0,42.63557434082031,0.0,255.0,57.5705680847168,41.0,50.80194091796875,0.4557950445839908,0.5033927083286912,0.1894464491961761,0.3887749314308166,0.1570763140916824,0
198,0.02349525,0.0,255.0,63.24698257446289,53.0,50.86940002441406,0.0,255.0,40.83867263793945,27.0,38.72848892211914,0.0,255.0,50.63561630249024,34.0,47.04314804077149,0.667776480344618,0.6166934610715574,0.1934646859918803,0.2118818759918213,0.6680803894996643,0
199,0.03651925,0.0,255.0,73.69628143310547,65.0,52.85635757446289,0.0,255.0,60.29204559326172,50.0,47.795555114746094,0.0,255.0,49.69277572631836,33.0,47.4189682006836,0.7455031222275006,0.6207396222566581,0.1893054052116661,0.435735136270523,0.4263283610343933,0
200,0.0283767083333333,4.0,255.0,140.8877716064453,141.0,83.31519317626953,0.0,230.0,74.5688705444336,59.0,50.705326080322266,0.0,255.0,91.14112091064452,89.0,51.53502655029297,0.7686495361858995,0.7766709394301563,0.3189006565806523,0.6611972451210022,-0.0286203939467668,5
201,0.020289625,0.0,255.0,63.18914413452149,40.0,64.6294937133789,0.0,207.0,36.079689025878906,19.0,37.04047775268555,0.0,234.0,42.03497695922852,26.0,43.641143798828125,0.6728727786985922,0.5755330125625379,0.1701003871767023,-0.0124548086896538,0.3349939882755279,5
202,0.03662225,0.0,236.0,81.03559875488281,97.0,54.4281005859375,0.0,197.0,61.55434036254883,66.0,41.672813415527344,0.0,206.0,58.71300506591797,59.0,40.74910736083984,0.495171186892866,0.6728186866266671,0.1991681721534752,-0.0380139462649822,-0.0380132496356964,5
204,0.03745425,0.0,230.0,50.54561233520508,27.0,51.381290435791016,0.0,208.0,44.9080696105957,21.0,49.41981887817383,0.0,255.0,47.06845474243164,25.0,49.717323303222656,0.7387893246440878,0.7156071103596019,0.2381444523557885,0.6529395580291748,0.5846794247627258,5
205,0.034826875,0.0,225.0,61.39199447631836,47.0,49.52138137817383,0.0,201.0,57.789737701416016,39.0,49.44539642333984,0.0,226.0,50.09538269042969,34.0,45.72376251220703,0.6709272030195521,0.7943293752049151,0.2473705884497233,0.4873721301555633,0.0543603636324405,5
206,0.0216230416666666,15.0,255.0,139.82974243164062,138.0,54.88563919067383,0.0,255.0,112.52731323242188,107.0,48.2192268371582,0.0,255.0,105.32817840576172,99.0,54.17174530029297,0.6552888849937559,0.6635243365434284,0.2287712141953159,0.4292703866958618,0.270355761051178,0
209,0.010833,0.0,255.0,64.54610443115234,47.0,54.5608024597168,0.0,255.0,56.38187026977539,36.0,50.02751541137695,0.0,255.0,42.26042938232422,25.0,42.45119857788086,0.4635394580585081,0.6927485645008726,0.3039084271694482,0.6809793710708618,-0.0109507422894239,5
210,0.012324125,0.0,255.0,57.0925178527832,38.0,51.8515739440918,0.0,255.0,47.99579620361328,29.0,45.875972747802734,0.0,255.0,37.49528884887695,19.0,46.78617477416992,0.4873676712591364,0.6215476753349094,0.2455028771101533,0.3769681751728058,0.7822924256324768,5
211,0.013546875,0.0,255.0,72.60909271240234,52.0,59.91080474853516,0.0,255.0,72.5341796875,55.0,58.7603759765625,0.0,255.0,76.91844177246094,62.0,60.87831497192383,0.6529495640783312,0.4931792980736997,0.1539959260190128,0.1567329317331314,-0.0137327928096055,0
212,0.006400375,2.0,255.0,72.4583969116211,66.0,49.46123123168945,3.0,255.0,80.82421112060547,74.0,54.57306289672852,0.0,255.0,64.79707336425781,47.0,54.52274703979492,0.4838949778441462,0.803600295054695,0.3755188760574082,0.0098334969952702,-0.0064419978298246,0
213,0.013624,4.0,255.0,117.5688247680664,113.0,52.04454040527344,2.0,255.0,101.4041519165039,107.0,50.8007698059082,0.0,255.0,74.78958129882812,67.0,46.89423751831055,0.6204111713570046,0.7697120783045317,0.3007177140627716,0.561922550201416,0.5196311473846436,0
214,0.03511875,0.0,255.0,64.95735168457031,60.0,51.62449264526367,0.0,255.0,56.20595932006836,43.0,48.01866149902344,0.0,255.0,46.81349182128906,31.0,47.15272521972656,0.605524194711768,0.7763108448649365,0.327141360917931,0.6562344431877136,0.1584574878215789,5
215,0.016076375,3.0,247.0,69.99024200439453,51.0,57.3654899597168,2.0,255.0,58.93268966674805,43.0,47.97927474975586,0.0,255.0,45.41641616821289,31.0,41.087013244628906,0.4499906657022761,0.7048851782158321,0.3371109298220658,0.0731781721115112,0.7820918560028076,5
216,0.0360285,0.0,255.0,115.6540985107422,119.0,67.87510681152344,0.0,255.0,94.63772583007812,94.0,62.41748428344727,0.0,255.0,84.80132293701172,72.0,62.91020965576172,0.1705201179197034,0.6715209878460762,0.2612014254627793,0.3500893414020538,-0.037374772131443,5
217,0.02317775,3.0,255.0,114.63221740722656,115.0,54.78654479980469,0.0,255.0,97.7083969116211,104.0,54.35260009765625,0.0,255.0,75.5621337890625,63.0,53.27452850341797,0.6413893970841033,0.6851460904994987,0.2460227219576777,0.1866399943828582,0.5781963467597961,0
218,0.019377375,2.0,255.0,141.65086364746094,146.0,64.15728759765625,1.0,255.0,118.03079986572266,116.0,63.14326858520508,0.0,255.0,98.94898986816406,93.0,61.6634407043457,0.5107614050879106,0.5900899872099397,0.2251937590420578,0.5576226711273193,0.6521716117858887,5
219,0.04788425,0.0,255.0,89.95103454589844,80.0,63.126441955566406,0.0,255.0,74.2921142578125,62.0,57.89339447021485,0.0,255.0,65.73174285888672,48.0,58.04185104370117,0.7200030901185633,0.795627042770712,0.3880480174640184,0.5455170273780823,0.6028833389282227,5
220,0.0434161666666666,0.0,255.0,86.24568939208984,73.0,69.15306854248047,0.0,255.0,76.08670043945312,58.0,65.67118835449219,0.0,255.0,64.87894439697266,43.0,64.15182495117188,0.7890923969005493,0.82768733393438,0.4230105918015015,0.6442567706108093,-0.0453878082334995,5
221,0.038485875,0.0,255.0,94.69786071777344,81.0,65.11811828613281,0.0,255.0,80.739013671875,64.0,60.95052719116211,0.0,255.0,69.59042358398438,48.0,62.48457717895508,0.3969548775398294,0.705581871807388,0.2901770300791672,0.7177000045776367,0.0785953104496002,5
222,0.0401345,2.0,255.0,111.52194213867188,106.0,68.4571304321289,0.0,255.0,95.6579360961914,87.0,64.46151733398438,0.0,255.0,84.60774993896484,65.0,68.33706665039062,0.5512539740665623,0.684528416128874,0.2054785246113184,0.7020469903945923,0.1358474791049957,5
223,0.007721125,18.0,255.0,143.70945739746094,139.0,59.17024612426758,14.0,255.0,136.40374755859375,131.0,57.78313064575195,0.0,255.0,125.0391616821289,125.0,58.555023193359375,0.4428827960650032,0.9195783894835567,0.6787358559263514,-0.0077809737995266,0.1317919343709945,0
226,0.02533125,1.0,255.0,86.69795227050781,80.0,62.36405563354492,0.0,255.0,83.5152587890625,72.0,64.12619018554688,0.0,255.0,68.93429565429688,53.0,59.70833206176758,0.7077613808048684,0.7186000330961443,0.2475393210123103,-0.0049618645571172,0.6804546117782593,5
227,0.029271,3.0,255.0,85.49319458007812,72.0,60.75422668457031,0.0,253.0,71.55196380615234,54.0,58.149879455566406,0.0,255.0,67.54167938232422,55.0,55.42551803588867,0.5565498969307777,0.676427060394723,0.2222733025480636,0.3501701653003692,0.2938640415668487,5
228,0.0130305,2.0,255.0,91.38114166259766,97.0,66.0875473022461,1.0,255.0,77.06549835205078,72.0,61.5195426940918,0.0,255.0,79.05438232421875,66.0,71.49688720703125,0.6712348283737937,0.788353626257279,0.3892540601475753,0.1689139306545257,0.1369649320840835,5
229,0.026777,0.0,255.0,100.58216857910156,97.0,43.77044296264648,0.0,250.0,80.20719146728516,83.0,38.25326919555664,0.0,236.0,54.8270149230957,51.0,31.026765823364254,0.5574876101145771,0.6418591550983841,0.2381341252992106,0.4632729887962341,0.6190208196640015,0
230,0.026699625,2.0,234.0,83.80012512207031,76.0,56.36727523803711,1.0,223.0,73.23851013183594,63.0,52.2367057800293,0.0,255.0,77.43605041503906,58.0,61.8833236694336,0.8098734692246599,0.6935072609325249,0.2389034559833795,0.3650933802127838,0.5513418912887573,5
231,0.0173024166666666,14.0,255.0,148.10311889648438,154.0,48.96924209594727,7.0,242.0,124.11434936523438,126.0,46.144168853759766,8.0,255.0,121.53456115722656,113.0,58.61804962158203,0.7408117257459474,0.7857249627722075,0.4649093249320162,0.2624264061450958,0.51382976770401,0
232,0.0081782083333333,17.0,255.0,149.51023864746094,157.0,45.592586517333984,10.0,255.0,128.50904846191406,138.0,45.69916534423828,4.0,255.0,115.63683319091795,119.0,43.149169921875,0.6846876252988483,0.7767809086591737,0.4128727148486201,0.8021034002304077,0.8084823489189148,0
233,0.0129755,4.0,250.0,102.0114288330078,116.0,46.67988967895508,3.0,235.0,93.91405487060548,107.0,44.53281784057617,2.0,233.0,83.52421569824219,86.0,37.2425651550293,0.7943252539538105,0.6459328952608523,0.2672485227674796,-0.0131462346762418,0.7803863883018494,0
235,0.0073499166666666,2.0,255.0,83.38800811767578,82.0,53.31562805175781,0.0,255.0,80.8505630493164,75.0,54.21131134033203,1.0,255.0,71.85426330566406,54.0,58.63037490844727,0.6578556132212339,0.5272615862862609,0.2086829578667098,0.26243457198143,0.0121044414117932,0
243,0.024148125,2.0,253.0,88.77203369140625,92.0,53.07329559326172,0.0,242.0,70.71444702148438,69.0,46.61778259277344,2.0,255.0,81.32868194580078,80.0,51.08373641967773,0.8223559472668385,0.7822099551908438,0.277456579052567,0.2728545069694519,0.2580594718456268,0
244,0.006230625,13.0,228.0,113.50082397460938,110.0,52.71514129638672,9.0,218.0,88.21971893310547,71.0,54.186405181884766,2.0,202.0,63.1210823059082,39.0,53.01093673706055,0.647175346840814,0.6077497388710287,0.2056647809183803,0.6462507843971252,-0.0062699480913579,0
245,0.007295375,2.0,255.0,75.54136657714844,72.0,37.89096450805664,2.0,255.0,62.234745025634766,56.0,37.4731674194336,0.0,248.0,43.959999084472656,40.0,27.608285903930664,0.739634340145777,0.4166196720609336,0.0841752021875257,-0.0073486645705997,-0.0073486361652612,0
246,0.00625025,7.0,214.0,98.7007827758789,98.0,46.79946899414063,7.0,208.0,75.14430236816406,70.0,43.46632385253906,0.0,204.0,55.6577262878418,47.0,38.47386169433594,0.7762780615620082,0.6679966690565147,0.251815206071147,0.2405025362968444,0.2602679133415222,0
247,0.020050375,7.0,255.0,89.27735900878906,82.0,52.397727966308594,2.0,255.0,65.28778839111328,52.0,46.710060119628906,0.0,255.0,56.71222686767578,46.0,39.26795959472656,0.7525509928389724,0.6209484901117222,0.2112503285818083,0.5420475602149963,0.3936443328857422,0
248,0.0070325,5.0,252.0,79.89334106445312,60.0,54.35553359985352,4.0,239.0,60.235618591308594,37.0,52.16395568847656,0.0,233.0,57.19134521484375,31.0,51.85759735107422,0.6485390571307278,0.5756951455780828,0.171134509502019,0.2664033770561218,-0.0070821237750351,0
249,0.01195925,6.0,255.0,140.45172119140625,141.0,57.828556060791016,3.0,255.0,111.76824188232422,119.0,52.9581298828125,3.0,255.0,103.18029022216795,102.0,53.47460174560547,0.3895680448185202,0.7204891922353786,0.3119615615052767,0.0050549330189824,-0.0006507712532766,0
250,0.0233666666666666,0.0,255.0,127.06084442138672,125.0,62.59178161621094,0.0,255.0,101.62600708007812,96.0,60.361236572265625,0.0,255.0,77.42949676513672,63.0,59.8394660949707,0.6874177521486295,0.7244149006254667,0.2709802943202257,-0.0239229667931795,0.0716632381081581,0
